<?xml version="1.0"?>
<doc>
    <assembly>
        <name>Jacobi.Vst.Samples.Host</name>
    </assembly>
    <members>
        <member name="T:Jacobi.Vst.Samples.Host.EditorFrame">
            <summary>
            The frame in which a custom plugin editor UI is displayed.
            </summary>
        </member>
        <member name="M:Jacobi.Vst.Samples.Host.EditorFrame.#ctor">
            <summary>
            Default ctor.
            </summary>
        </member>
        <member name="M:Jacobi.Vst.Samples.Host.EditorFrame.ShowDialog(System.Windows.Forms.IWin32Window)">
            <summary>
            Shows the custom plugin editor UI.
            </summary>
            <param name="owner"></param>
            <returns></returns>
        </member>
        <member name="F:Jacobi.Vst.Samples.Host.EditorFrame.components">
            <summary>
            Required designer variable.
            </summary>
        </member>
        <member name="M:Jacobi.Vst.Samples.Host.EditorFrame.Dispose(System.Boolean)">
            <summary>
            Clean up any resources being used.
            </summary>
            <param name="disposing">true if managed resources should be disposed; otherwise, false.</param>
        </member>
        <member name="M:Jacobi.Vst.Samples.Host.EditorFrame.InitializeComponent">
            <summary>
            Required method for Designer support - do not modify
            the contents of this method with the code editor.
            </summary>
        </member>
        <member name="P:Jacobi.Vst.Samples.Host.EditorFrame.PluginCommandStub">
            <summary>
            Gets or sets the Plugin Command Stub.
            </summary>
        </member>
        <member name="T:Jacobi.Vst.Samples.Host.HostCommandStub">
            <summary>
            The HostCommandStub class represents the part of the host that a plugin can call.
            </summary>
        </member>
        <member name="M:Jacobi.Vst.Samples.Host.HostCommandStub.BeginEdit(System.Int32)">
            <inheritdoc />
        </member>
        <member name="M:Jacobi.Vst.Samples.Host.HostCommandStub.CanDo(System.String)">
            <inheritdoc />
        </member>
        <member name="M:Jacobi.Vst.Samples.Host.HostCommandStub.CloseFileSelector(Jacobi.Vst.Core.VstFileSelect)">
            <inheritdoc />
        </member>
        <member name="M:Jacobi.Vst.Samples.Host.HostCommandStub.EndEdit(System.Int32)">
            <inheritdoc />
        </member>
        <member name="M:Jacobi.Vst.Samples.Host.HostCommandStub.GetAutomationState">
            <inheritdoc />
        </member>
        <member name="M:Jacobi.Vst.Samples.Host.HostCommandStub.GetBlockSize">
            <inheritdoc />
        </member>
        <member name="M:Jacobi.Vst.Samples.Host.HostCommandStub.GetDirectory">
            <inheritdoc />
        </member>
        <member name="M:Jacobi.Vst.Samples.Host.HostCommandStub.GetInputLatency">
            <inheritdoc />
        </member>
        <member name="M:Jacobi.Vst.Samples.Host.HostCommandStub.GetLanguage">
            <inheritdoc />
        </member>
        <member name="M:Jacobi.Vst.Samples.Host.HostCommandStub.GetOutputLatency">
            <inheritdoc />
        </member>
        <member name="M:Jacobi.Vst.Samples.Host.HostCommandStub.GetProcessLevel">
            <inheritdoc />
        </member>
        <member name="M:Jacobi.Vst.Samples.Host.HostCommandStub.GetProductString">
            <inheritdoc />
        </member>
        <member name="M:Jacobi.Vst.Samples.Host.HostCommandStub.GetSampleRate">
            <inheritdoc />
        </member>
        <member name="M:Jacobi.Vst.Samples.Host.HostCommandStub.GetTimeInfo(Jacobi.Vst.Core.VstTimeInfoFlags)">
            <inheritdoc />
        </member>
        <member name="M:Jacobi.Vst.Samples.Host.HostCommandStub.GetVendorString">
            <inheritdoc />
        </member>
        <member name="M:Jacobi.Vst.Samples.Host.HostCommandStub.GetVendorVersion">
            <inheritdoc />
        </member>
        <member name="M:Jacobi.Vst.Samples.Host.HostCommandStub.IoChanged">
            <inheritdoc />
        </member>
        <member name="M:Jacobi.Vst.Samples.Host.HostCommandStub.OpenFileSelector(Jacobi.Vst.Core.VstFileSelect)">
            <inheritdoc />
        </member>
        <member name="M:Jacobi.Vst.Samples.Host.HostCommandStub.ProcessEvents(Jacobi.Vst.Core.VstEvent[])">
            <inheritdoc />
        </member>
        <member name="M:Jacobi.Vst.Samples.Host.HostCommandStub.SizeWindow(System.Int32,System.Int32)">
            <inheritdoc />
        </member>
        <member name="M:Jacobi.Vst.Samples.Host.HostCommandStub.UpdateDisplay">
            <inheritdoc />
        </member>
        <member name="M:Jacobi.Vst.Samples.Host.HostCommandStub.GetCurrentPluginID">
            <inheritdoc />
        </member>
        <member name="M:Jacobi.Vst.Samples.Host.HostCommandStub.GetVersion">
            <inheritdoc />
        </member>
        <member name="M:Jacobi.Vst.Samples.Host.HostCommandStub.ProcessIdle">
            <inheritdoc />
        </member>
        <member name="M:Jacobi.Vst.Samples.Host.HostCommandStub.SetParameterAutomated(System.Int32,System.Single)">
            <inheritdoc />
        </member>
        <member name="E:Jacobi.Vst.Samples.Host.HostCommandStub.PluginCalled">
            <summary>
            Raised when one of the methods is called.
            </summary>
        </member>
        <member name="P:Jacobi.Vst.Samples.Host.HostCommandStub.PluginContext">
            <inheritdoc />
        </member>
        <member name="T:Jacobi.Vst.Samples.Host.PluginCalledEventArgs">
            <summary>
            Event arguments used when one of the mehtods is called.
            </summary>
        </member>
        <member name="M:Jacobi.Vst.Samples.Host.PluginCalledEventArgs.#ctor(System.String)">
            <summary>
            Constructs a new instance with a <paramref name="message"/>.
            </summary>
            <param name="message"></param>
        </member>
        <member name="P:Jacobi.Vst.Samples.Host.PluginCalledEventArgs.Message">
            <summary>
            Gets the message.
            </summary>
        </member>
        <member name="F:Jacobi.Vst.Samples.Host.MainForm.components">
            <summary>
            Required designer variable.
            </summary>
        </member>
        <member name="M:Jacobi.Vst.Samples.Host.MainForm.Dispose(System.Boolean)">
            <summary>
            Clean up any resources being used.
            </summary>
            <param name="disposing">true if managed resources should be disposed; otherwise, false.</param>
        </member>
        <member name="M:Jacobi.Vst.Samples.Host.MainForm.InitializeComponent">
            <summary>
            Required method for Designer support - do not modify
            the contents of this method with the code editor.
            </summary>
        </member>
        <member name="F:Jacobi.Vst.Samples.Host.PluginForm.components">
            <summary>
            Required designer variable.
            </summary>
        </member>
        <member name="M:Jacobi.Vst.Samples.Host.PluginForm.Dispose(System.Boolean)">
            <summary>
            Clean up any resources being used.
            </summary>
            <param name="disposing">true if managed resources should be disposed; otherwise, false.</param>
        </member>
        <member name="M:Jacobi.Vst.Samples.Host.PluginForm.InitializeComponent">
            <summary>
            Required method for Designer support - do not modify
            the contents of this method with the code editor.
            </summary>
        </member>
        <member name="M:Jacobi.Vst.Samples.Host.Program.Main">
            <summary>
            The main entry point for the application.
            </summary>
        </member>
        <member name="T:Jacobi.Vst.Samples.Host.Properties.Resources">
            <summary>
              A strongly-typed resource class, for looking up localized strings, etc.
            </summary>
        </member>
        <member name="P:Jacobi.Vst.Samples.Host.Properties.Resources.ResourceManager">
            <summary>
              Returns the cached ResourceManager instance used by this class.
            </summary>
        </member>
        <member name="P:Jacobi.Vst.Samples.Host.Properties.Resources.Culture">
            <summary>
              Overrides the current thread's CurrentUICulture property for all
              resource lookups using this strongly typed resource class.
            </summary>
        </member>
    </members>
</doc>
